{"cameraMode":{"drawMode":0,"name":"Shaded","section":"Shading Mode"},"sceneLighting":false,"audioPlay":false,"sceneViewState":{"m_AlwaysRefresh":false,"showFog":true,"showSkybox":false,"showFlares":true,"showImageEffects":true,"showParticleSystems":true,"showVisualEffectGraphs":true,"m_FxEnabled":true},"in2DMode":false,"pivot":{"x":0.00000762939453125,"y":-0.10000117868185044,"z":0.00000762939453125},"rotation":{"x":-0.11575129628181458,"y":-0.7233989238739014,"z":0.12515105307102204,"w":-0.6690600514411926},"size":45.25497055053711,"orthographic":false}