{"cameraMode":{"drawMode":0,"name":"Shaded","section":"Shading Mode"},"sceneLighting":false,"audioPlay":false,"sceneViewState":{"m_AlwaysRefresh":false,"showFog":true,"showSkybox":false,"showFlares":true,"showImageEffects":true,"showParticleSystems":true,"showVisualEffectGraphs":true,"m_FxEnabled":true},"in2DMode":false,"pivot":{"x":-5.087015628814697,"y":0.11194491386413574,"z":-0.062092382460832599},"rotation":{"x":0.06180739775300026,"y":-0.7027319669723511,"z":0.06151005998253822,"w":0.7061022520065308},"size":4.273116111755371,"orthographic":false}