{"cameraMode":{"drawMode":0,"name":"Shaded","section":"Shading Mode"},"sceneLighting":false,"audioPlay":false,"sceneViewState":{"m_AlwaysRefresh":false,"showFog":true,"showSkybox":false,"showFlares":true,"showImageEffects":true,"showParticleSystems":true,"showVisualEffectGraphs":true,"m_FxEnabled":true},"in2DMode":false,"pivot":{"x":919.5238037109375,"y":374.867919921875,"z":123.3636474609375},"rotation":{"x":-0.013808723539113999,"y":-0.0054014259949326519,"z":0.00007471175922546536,"w":-0.9998929500579834},"size":522.930908203125,"orthographic":false}